,Pregnancies,Glucose,BloodPressure,SkinThickness,Insulin,BMI,DiabetesPedigreeFunction,Age,Outcome
Pregnancies,10.571524785816862,12.42009607289655,7.5731094933888,-4.483702273064924,-24.14672411231614,0.690103501213292,-0.008089694448571307,20.564086564651117,0.35014113801812524
Glucose,12.42009607289655,839.91022631605,74.18971920962707,7.377863616104586,670.3886792452831,36.070357054424804,0.34809602337443696,85.21264794730847,6.635239934630813
BloodPressure,7.5731094933888,74.18971920962707,127.91633486851883,7.503929579557269,-20.270234734809097,21.488417768533655,0.048662813846382394,42.692742534541665,0.9215718318229091
SkinThickness,-4.483702273064924,7.377863616104586,7.503929579557269,233.30982766305164,608.5874832862872,38.19069380478384,0.607209092259694,-20.22357004902689,0.33684445104739236
Insulin,-24.14672411231614,670.3886792452831,-20.270234734809097,608.5874832862872,6917.876519090781,99.66063289258652,4.398060228792155,-45.29418362798994,4.727276779081863
BMI,0.690103501213292,36.070357054424804,21.488417768533655,38.19069380478384,99.66063289258652,41.24608488089932,0.23053969593423457,4.520025751498043,0.8108601990788886
DiabetesPedigreeFunction,-0.008089694448571307,0.34809602337443696,0.048662813846382394,0.607209092259694,4.398060228792155,0.23053969593423457,0.059741681731293024,0.09037657604120236,0.01918505422671222
Age,20.564086564651117,85.21264794730847,42.692742534541665,-20.22357004902689,-45.29418362798994,4.520025751498043,0.09037657604120236,118.23006735007179,1.3379735551923932
Outcome,0.35014113801812524,6.635239934630813,0.9215718318229091,0.33684445104739236,4.727276779081863,0.8108601990788886,0.01918505422671222,1.3379735551923932,0.2147377804189569
